{
  "info": {
    "name": "Chatbot API",
    "_postman_id": "1234-5678",
    "description": "Collection for testing the Chatbot API",
    "schema": "https://schema.getpostman.com/json/collection/v2.1.0/collection.json"
  },
  "item": [{
    "name": "Chat Request",
    "request": {
      "method": "POST",
      "header": [{ "key": "Content-Type", "value": "application/json" }],
      "body": {
        "mode": "raw",
        "raw": "{ "message": "Hello!" }"
      },
      "url": { "raw": "http://localhost:5000/chat", "host": ["localhost"], "port": "5000", "path": ["chat"] }
    }
  }]
}